src_relpath	size_bytes	n_lines	sha1	encoding_used
Base_TC_vs_outside/Base_OUT_HMS_profile_stats.csv	9405	73	3ed1af24ebef4a2bfdd034bb8a3c51ff8512b967	utf-8
Base_TC_vs_outside/Base_OUT_SO4_profile_stats.csv	9353	73	e2495fdac4c26afbf0d4f6404ed30c022529ab5f	utf-8
Base_TC_vs_outside/Base_TC-core_UT14_16km_timeseries.csv	44859	409	6a0dde62d5989448a401a6fae7e18423ca1549ba	utf-8
Base_TC_vs_outside/Base_TC-core_sfc_timeseries.csv	44665	409	27be3d59371b727c66ea68484a8a191ea9a725af	utf-8
Base_TC_vs_outside/Base_TC_HMS_profile_stats.csv	9387	73	4568894ebff09620658928740db6be686a2815f1	utf-8
Base_TC_vs_outside/Base_TC_SO4_profile_stats.csv	9364	73	7b371e6a7368d2826a880aa8faca572e422b8355	utf-8
Base_TC_vs_outside/Base_outside_UT14_16km_timeseries.csv	44736	409	76e9f94039e49c4e32fa877e762a40cde51c83ab	utf-8
Base_TC_vs_outside/Base_outside_sfc_timeseries.csv	44744	409	e12bf71adac3020d0c09fb2e5e2506f22b6c7bfe	utf-8
Base_northward_bands/Base_UT1416_SO4_bands.csv	35748	409	e2d716625bd38d92bad2c9a229b5c47638c06e1d	utf-8
Base_overall/Base_SO4_column_diag.csv	23546	409	16baca34657a17215447700ffea685e230c48926	utf-8
Base_overall/Base_UT14_16km_timeseries.csv	44693	409	9a46fc2b9e3fbd47e170865d44604485f143d17b	utf-8
Base_overall/Base_sfc_timeseries.csv	44755	409	eecc8ffd2304f0c432ddd8c87b9d11c35f342c98	utf-8
Base_overall/profiles/Base_HMS_profile_stats.csv	9397	73	15d2665d544850200c270199983383ab494affd1	utf-8
Base_overall/profiles/Base_SO4_profile_stats.csv	9377	73	e57dc64ee417ff8927383c2770868b745236454f	utf-8
Base_overall_TOMAS/profiles/Base_NK_10_50nm_profile_stats.csv	9328	73	c67c9a9c87d1b7efe0ac4b1df675b81568fc4833	utf-8
Base_overall_TOMAS/profiles/Base_NK_2p5_10nm_profile_stats.csv	9203	73	7c7d4eabfdc561249f3c9d8595fb7a464cbb78f2	utf-8
Base_overall_TOMAS/profiles/Base_NK_50_1000nm_profile_stats.csv	9332	73	99a2912879d3a9631a9efd1c684f4553643b34e3	utf-8
Base_overall_TOMAS/profiles/Base_NK_TOTAL_profile_stats.csv	9299	73	82a69937ce29e3093b7a6452336fb614834e08a4	utf-8
Base_overall_TOMAS/profiles/Base_SF_10_50nm_profile_stats.csv	9336	73	e90be6407dcc778fe6f83e67e0de20823bfa007c	utf-8
Base_overall_TOMAS/profiles/Base_SF_2p5_10nm_profile_stats.csv	9273	73	d8ba6d466237bef042975e2e2bb5d372f4af1b89	utf-8
Base_overall_TOMAS/profiles/Base_SF_50_1000nm_profile_stats.csv	9335	73	9afc359d9479d47d7be392a0f4751a1c96c311c5	utf-8
Base_overall_TOMAS/profiles/Base_SF_TOTAL_profile_stats.csv	9332	73	f8fa5fee9264d6815ceba306080de047f36cc15e	utf-8
Base_overall_TOMAS/profiles/Base_SS_10_50nm_profile_stats.csv	8827	73	a148746852c50f82269b96e07667166c67a39ada	utf-8
Base_overall_TOMAS/profiles/Base_SS_2p5_10nm_profile_stats.csv	8211	73	edd10b0e3b8cf8c35d5658b4b15b586195969c40	utf-8
Base_overall_TOMAS/profiles/Base_SS_50_1000nm_profile_stats.csv	8984	73	bd04d4bb27278f68b07929492480d97c1082480b	utf-8
Base_overall_TOMAS/profiles/Base_SS_TOTAL_profile_stats.csv	8962	73	bab15cc58b24102945c4ffaaf8c358412a3b4119	utf-8
DMS_impact_TC/TC_UT14_16km_diff_timeseries.csv	71054	409	054856b9210a90945c6519987cdeeee00ef5d2f3	utf-8
DMS_impact_TC/TC_sfc_diff_timeseries.csv	71154	409	cbf1298000815b82ba5ea03bf6edd4a0d29617c4	utf-8
DMS_impact_outside/outside_UT14_16km_diff_timeseries.csv	71082	409	958bfcb32db1a9ccdc0ba31c6a34b8c68c392b4a	utf-8
DMS_impact_outside/outside_sfc_diff_timeseries.csv	70785	409	349a3c41b498f91ab91691fa69efe1ccb0e4578e	utf-8
DMS_impact_overall/overall_UT14_16km_diff_timeseries.csv	71050	409	d1b9e3cf439dd694e9d8a0cbd19648e9edbfe602	utf-8
DMS_impact_overall/overall_sfc_diff_timeseries.csv	70780	409	c3eba3f16df16789d7a862f59191479c8c371a10	utf-8
NoDMS_overall/NoDMS_SO4_column_diag.csv	23553	409	f30d3ef57738b0cbb0028e6570be90dee8a6e30d	utf-8
NoDMS_overall/NoDMS_UT14_16km_timeseries.csv	44799	409	777dfce666a9031082d496d8dcfde0e32a43f7a0	utf-8
NoDMS_overall/NoDMS_sfc_timeseries.csv	44818	409	9db04878193e2d01cf4f84b7ec14b32a5d0a4856	utf-8
NoDMS_overall/profiles/NoDMS_HMS_profile_stats.csv	9390	73	047a6c4000ca6cf7f2acb97435871e3f7f4a0a6e	utf-8
NoDMS_overall/profiles/NoDMS_SO4_profile_stats.csv	9367	73	82e542ad133b8b6054dc3e8ec780feb550c9880e	utf-8
NoDMS_overall_TOMAS/profiles/NoDMS_NK_10_50nm_profile_stats.csv	9326	73	54af6d887cf9b4fed11360a90748355cf81edcc1	utf-8
NoDMS_overall_TOMAS/profiles/NoDMS_NK_2p5_10nm_profile_stats.csv	9181	73	c778afd3af707f2b8d94d5c1ed5d9d91ac3eb87a	utf-8
NoDMS_overall_TOMAS/profiles/NoDMS_NK_50_1000nm_profile_stats.csv	9323	73	7bdacad44e657475506f5202e35349a2ea20aa9e	utf-8
NoDMS_overall_TOMAS/profiles/NoDMS_NK_TOTAL_profile_stats.csv	9318	73	699f8435eb9ebc75ff2f7bc15f506f4e1e197587	utf-8
NoDMS_overall_TOMAS/profiles/NoDMS_SF_10_50nm_profile_stats.csv	9330	73	25e295113d011d2e6e0a1bdfc9ca4fcca3a2583d	utf-8
NoDMS_overall_TOMAS/profiles/NoDMS_SF_2p5_10nm_profile_stats.csv	9264	73	d528e962c941c8dffeb1eef45a345522f4206a50	utf-8
NoDMS_overall_TOMAS/profiles/NoDMS_SF_50_1000nm_profile_stats.csv	9339	73	cd703dc97591680591fd8be61f4cc16a9ed31d5c	utf-8
NoDMS_overall_TOMAS/profiles/NoDMS_SF_TOTAL_profile_stats.csv	9348	73	0abf67126786c8942559113cc02dd7594cce59c9	utf-8
NoDMS_overall_TOMAS/profiles/NoDMS_SS_10_50nm_profile_stats.csv	8825	73	ca6827b367cdf04c85952ed0827000407d18342e	utf-8
NoDMS_overall_TOMAS/profiles/NoDMS_SS_2p5_10nm_profile_stats.csv	8180	73	d560faf068007fdb6e041bc5c203a3ff186abe30	utf-8
NoDMS_overall_TOMAS/profiles/NoDMS_SS_50_1000nm_profile_stats.csv	8969	73	4726db0159f0261265e12489bac3ccb8c29e7a8c	utf-8
NoDMS_overall_TOMAS/profiles/NoDMS_SS_TOTAL_profile_stats.csv	8964	73	8f991efe48734ea040c62afbc25e5f8d7fd3277c	utf-8
OMEGA_timeheight_TC_vs_OUT/DIFF_TC_MINUS_OUT_OMEGA_profile_stats.csv	9228	73	24ae0e008a2aa1f9c205d6831a35c0b3895f4ffa	utf-8
OMEGA_timeheight_TC_vs_OUT/OUT_OMEGA_UT1416_timeseries.csv	17130	409	9ac3e935398421e00e79f1ee05592e93bdd24bff	utf-8
OMEGA_timeheight_TC_vs_OUT/OUT_OMEGA_profile_stats.csv	9357	73	379ab1941833c4b065aa702d5274b3314e37cec7	utf-8
OMEGA_timeheight_TC_vs_OUT/TC_OMEGA_UT1416_timeseries.csv	16953	409	74bc456e8ce1643d7f099a658e4f4261aa240988	utf-8
OMEGA_timeheight_TC_vs_OUT/TC_OMEGA_profile_stats.csv	9276	73	778c56181ce81eb532b44a7959cc367c76bc26ff	utf-8
TC_base_minus_noDMS/TC_HMS_UT1416_diff_timeseries.csv	17359	409	364163274b2e9252a41c44ed1db29607c4aacae4	utf-8
TC_base_minus_noDMS/TC_HMS_timeheight_diff_profile_stats.csv	8465	73	72f1d6c0e0129cb600a666dfa958e952810c2dcf	utf-8
TC_base_minus_noDMS/TC_SO4_UT1416_diff_timeseries.csv	17319	409	2035d3338157937799fa8cb1bedc84f41c56b023	utf-8
TC_base_minus_noDMS/TC_SO4_timeheight_diff_profile_stats.csv	9446	73	1580c28cf7ad3ad026fc57a0ec95a7672dd307f8	utf-8
TC_ratio_HMS_over_SO4/TC_ratio_HMS_SO4_UT1416_diff_timeseries.csv	17267	409	60bd02e6ae956ee00344d1023945ca16204e1142	utf-8
TC_ratio_HMS_over_SO4/TC_ratio_HMS_SO4_UT1416_timeseries.csv	16475	409	b240b238f6efdbf57dd6a6ad572aebe5203b826b	utf-8
TC_ratio_HMS_over_SO4/TC_ratio_HMS_SO4_timeheight_diff_profile_stats.csv	9377	73	7baf7eaa287b35a48e8fa80bf1db2b3edd0f07ff	utf-8
V14_TC_TOMAS_DIFF/TC_NK_10_50nm_DIFF_profile_stats.csv	8747	73	df07f4857b554adb3bd71ca3f10348fd3eef7ade	utf-8
V14_TC_TOMAS_DIFF/TC_NK_2p5_10nm_DIFF_profile_stats.csv	8498	73	6c5a55b40851cefdbc4294f385db5e5476362cd9	utf-8
V14_TC_TOMAS_DIFF/TC_NK_50_1000nm_DIFF_profile_stats.csv	8397	73	d4b51c190a094a49442ecfad5f09cde210b3567f	utf-8
V14_TC_TOMAS_DIFF/TC_NK_TOTAL_DIFF_profile_stats.csv	8840	73	2f4eca9ac2b0519433f911356c6f5872b90a18f7	utf-8
V14_TC_TOMAS_DIFF/TC_SF_10_50nm_DIFF_profile_stats.csv	9407	73	8ea781f89b65f39cd08573cadd6c1ed9d002db45	utf-8
V14_TC_TOMAS_DIFF/TC_SF_2p5_10nm_DIFF_profile_stats.csv	8636	73	0942733925fed0adde0f410772dc0a38db425f37	utf-8
V14_TC_TOMAS_DIFF/TC_SF_50_1000nm_DIFF_profile_stats.csv	9441	73	6577dac428ac42785eb6326d4a7b0aad9540d2d5	utf-8
V14_TC_TOMAS_DIFF/TC_SF_TOTAL_DIFF_profile_stats.csv	9464	73	85d84c5e079ab5e4aadba8f2c857f171185d9b34	utf-8
V14_TC_TOMAS_DIFF/TC_SS_10_50nm_DIFF_profile_stats.csv	8438	73	7a5c2ba34f7646919a82152dbd73be5a78e86144	utf-8
V14_TC_TOMAS_DIFF/TC_SS_2p5_10nm_DIFF_profile_stats.csv	8347	73	723b0423303b983525fefd2ec2975fe37ab4b371	utf-8
V14_TC_TOMAS_DIFF/TC_SS_50_1000nm_DIFF_profile_stats.csv	8996	73	39053d671eab7058ae09480824475cdda09613ad	utf-8
V14_TC_TOMAS_DIFF/TC_SS_TOTAL_DIFF_profile_stats.csv	8986	73	a0a36e04907d8316b816315539a93739278f5ba0	utf-8
V14_profiles_overlay_TOMAS_TC-core/TC-core_NK_during_TOTAL_profile.csv	9360	73	570ab406595258cbedd83cb5f41a537531c3739b	utf-8
V14_profiles_overlay_TOMAS_TC-core/TC-core_NK_during_TOTAL_profile_DIFF.csv	8909	73	e5a8fa655afcac4c0b782d0cd113ad7852ff6364	utf-8
V14_profiles_overlay_TOMAS_TC-core/TC-core_NK_post_TOTAL_profile.csv	9334	73	b31d6e3e3e375442428d96b07b20821ae606dd84	utf-8
V14_profiles_overlay_TOMAS_TC-core/TC-core_NK_post_TOTAL_profile_DIFF.csv	8829	73	e24e6cd4be4be9c73e7e415fc89d26bce67f6cbd	utf-8
V14_profiles_overlay_TOMAS_TC-core/TC-core_NK_pre_TOTAL_profile.csv	9325	73	0e7e107ed8d7b494be49b59cf7205b51fe37b5f4	utf-8
V14_profiles_overlay_TOMAS_TC-core/TC-core_NK_pre_TOTAL_profile_DIFF.csv	8893	73	1147dcbf3fa2a705652907d78b4b77269583933f	utf-8
V14_profiles_overlay_TOMAS_TC-core/TC-core_SF_during_TOTAL_profile.csv	9277	73	71d8973e55e7c0ebc3eed8513578d2fc28c92769	utf-8
V14_profiles_overlay_TOMAS_TC-core/TC-core_SF_during_TOTAL_profile_DIFF.csv	9445	73	b0aa2f6f8c724000f2e7745b6a632c1e6e651667	utf-8
V14_profiles_overlay_TOMAS_TC-core/TC-core_SF_post_TOTAL_profile.csv	9343	73	14f43333e3b5b2d5196c6a588184ac23f47d358e	utf-8
V14_profiles_overlay_TOMAS_TC-core/TC-core_SF_post_TOTAL_profile_DIFF.csv	9489	73	c14b53a434d9f4015eff61f3cf164ea59df2b618	utf-8
V14_profiles_overlay_TOMAS_TC-core/TC-core_SF_pre_TOTAL_profile.csv	9355	73	eb95665ef56fd85cd0466d985eb4f67cd831840e	utf-8
V14_profiles_overlay_TOMAS_TC-core/TC-core_SF_pre_TOTAL_profile_DIFF.csv	9481	73	78dd3b3f186a1bff3d31d3f99f7172d8fc9ec514	utf-8
V14_profiles_overlay_TOMAS_TC-core/TC-core_SS_during_TOTAL_profile.csv	8852	73	f1eed24717181f7db0348a46fe075fc04856bd22	utf-8
V14_profiles_overlay_TOMAS_TC-core/TC-core_SS_during_TOTAL_profile_DIFF.csv	8957	73	444197f9cf715dae49b447005a56fdde23edc2b6	utf-8
V14_profiles_overlay_TOMAS_TC-core/TC-core_SS_post_TOTAL_profile.csv	8883	73	428743fc7cac8e0bcf4fcd26b29ec4423cc8544e	utf-8
V14_profiles_overlay_TOMAS_TC-core/TC-core_SS_post_TOTAL_profile_DIFF.csv	8941	73	c3d0fd892849f60af361cd8bfe170ae751d9f573	utf-8
V14_profiles_overlay_TOMAS_TC-core/TC-core_SS_pre_TOTAL_profile.csv	8856	73	5b817c6e2a28e43e0ba8cd83161885eb97dea1fa	utf-8
V14_profiles_overlay_TOMAS_TC-core/TC-core_SS_pre_TOTAL_profile_DIFF.csv	8949	73	0c0bc23b84ae4c431397fc359a8d7825a14c881d	utf-8
lagcorr_TC_OMEGA_vs_SO4_UT1416.csv	1032	26	695eb4784b0cb31177b9f96c379113e1990e362a	utf-8
lagcorr_outside_OMEGA_vs_SO4_UT1416.csv	1031	26	ed52c72baa709646c54a63b328f02ef9a13e6c8b	utf-8
profiles_overlay_TC-core/TC-core_DMS_during_profile_DIFF_BaseMinusNoDMS.csv	9341	73	67ea5c705f5f6218bf1be505ea491ad1b41591e5	utf-8
profiles_overlay_TC-core/TC-core_DMS_during_profile_stats.csv	9333	73	36acb7cbb0d3d1ee21324cb00138272cb7eeb5a8	utf-8
profiles_overlay_TC-core/TC-core_DMS_post_profile_DIFF_BaseMinusNoDMS.csv	9353	73	9987e190b0c40c1e757cb9969387958deb950c20	utf-8
profiles_overlay_TC-core/TC-core_DMS_post_profile_stats.csv	9331	73	0e59458cc0aaa5e5fa931e6552f8bf5f529fea42	utf-8
profiles_overlay_TC-core/TC-core_DMS_pre_profile_DIFF_BaseMinusNoDMS.csv	9397	73	753d16d014be02174431ec00d9f1da0e63da6578	utf-8
profiles_overlay_TC-core/TC-core_DMS_pre_profile_stats.csv	9323	73	9d790d1379cc12e1508bad691ec1968b342dfdfc	utf-8
profiles_overlay_TC-core/TC-core_HMS_during_profile_DIFF_BaseMinusNoDMS.csv	9409	73	aac68cff3003192f3d4289d883b46150e09b7822	utf-8
profiles_overlay_TC-core/TC-core_HMS_during_profile_stats.csv	9358	73	658fe43fcde5d5c1ae472e5360dea533a272bc30	utf-8
profiles_overlay_TC-core/TC-core_HMS_post_profile_DIFF_BaseMinusNoDMS.csv	9433	73	1ab461abbf66dd8f52349b038337adbf3fde4751	utf-8
profiles_overlay_TC-core/TC-core_HMS_post_profile_stats.csv	9354	73	19295328c127fbbf9a990391fb29b1d309bb1782	utf-8
profiles_overlay_TC-core/TC-core_HMS_pre_profile_DIFF_BaseMinusNoDMS.csv	9413	73	7fba57e7ae000f9c4028eeba490408c72b568d77	utf-8
profiles_overlay_TC-core/TC-core_HMS_pre_profile_stats.csv	9371	73	aa9ddae38daacf965dee30f6a194a457bf94e4ed	utf-8
profiles_overlay_TC-core/TC-core_NK_during_profile_DIFF_BaseMinusNoDMS.csv	8289	73	743e18cba5449860c33ebdbc1ec7cc67c3e1bf09	utf-8
profiles_overlay_TC-core/TC-core_NK_during_profile_stats.csv	8210	73	9b53b6faf0656e560eeff6f17b3fd7b625ecdf6a	utf-8
profiles_overlay_TC-core/TC-core_NK_post_profile_DIFF_BaseMinusNoDMS.csv	8301	73	b129479eaf7de978d619fb53738c3832baa8cad3	utf-8
profiles_overlay_TC-core/TC-core_NK_post_profile_stats.csv	8196	73	30bb16c861b55d2690319b4d12e7a9d46a049dd1	utf-8
profiles_overlay_TC-core/TC-core_NK_pre_profile_DIFF_BaseMinusNoDMS.csv	8317	73	6d015cc57bef90509b51ceee98174c52882bdc24	utf-8
profiles_overlay_TC-core/TC-core_NK_pre_profile_stats.csv	8185	73	a0162025c1872c33e965ba6c31bd9b119accd707	utf-8
profiles_overlay_TC-core/TC-core_SF_during_profile_DIFF_BaseMinusNoDMS.csv	9401	73	b2ff6c47cfc3ad4b8afe3d3cf2cde10feba75ce4	utf-8
profiles_overlay_TC-core/TC-core_SF_during_profile_stats.csv	9348	73	f7573cecad41ff1098670011a1c00dc2eee6566e	utf-8
profiles_overlay_TC-core/TC-core_SF_post_profile_DIFF_BaseMinusNoDMS.csv	9453	73	19fc0be65d7814859f441531c59c10c4fef7278b	utf-8
profiles_overlay_TC-core/TC-core_SF_post_profile_stats.csv	9316	73	25dccd151c90b0330d9c0f5fdff6b0f12349e25c	utf-8
profiles_overlay_TC-core/TC-core_SF_pre_profile_DIFF_BaseMinusNoDMS.csv	9485	73	17d1c6934695f1e4cc5442583b8dc2eb5ebd7282	utf-8
profiles_overlay_TC-core/TC-core_SF_pre_profile_stats.csv	9333	73	721f855e683cfb255303e68846e83369deb3160c	utf-8
profiles_overlay_TC-core/TC-core_SO2_during_profile_DIFF_BaseMinusNoDMS.csv	9329	73	74ccb32c418cb5d685710990b32872df6898bf3d	utf-8
profiles_overlay_TC-core/TC-core_SO2_during_profile_stats.csv	9290	73	4d44985753da0c43b7a51def5812f37ae91aeeb5	utf-8
profiles_overlay_TC-core/TC-core_SO2_post_profile_DIFF_BaseMinusNoDMS.csv	9373	73	4b8e4c6a1cf45b55d9a4cc8593aa55aadec4d908	utf-8
profiles_overlay_TC-core/TC-core_SO2_post_profile_stats.csv	9315	73	9795e23825cf8e7ea51817559ce1b752f3f02cd8	utf-8
profiles_overlay_TC-core/TC-core_SO2_pre_profile_DIFF_BaseMinusNoDMS.csv	9401	73	80ac939335e7d749d88b336977322b15d3c29ce1	utf-8
profiles_overlay_TC-core/TC-core_SO2_pre_profile_stats.csv	9318	73	e187f4720842a653f291b6b8b3ab72eb83bc6517	utf-8
profiles_overlay_TC-core/TC-core_SO4_during_profile_DIFF_BaseMinusNoDMS.csv	9437	73	2a4b9f9be69d155857b9fe2e16f4b736b4a54425	utf-8
profiles_overlay_TC-core/TC-core_SO4_during_profile_stats.csv	9337	73	a6729a7087d7a6b6354570db7b1ffa5dd0f2ca1b	utf-8
profiles_overlay_TC-core/TC-core_SO4_post_profile_DIFF_BaseMinusNoDMS.csv	9421	73	a6346967521284cfe2cc6dcd79ead2c63b9a7952	utf-8
profiles_overlay_TC-core/TC-core_SO4_post_profile_stats.csv	9375	73	bbb6637edbe315a9c1be8e5fd5efa28cffa8b673	utf-8
profiles_overlay_TC-core/TC-core_SO4_pre_profile_DIFF_BaseMinusNoDMS.csv	9433	73	0d8dfc66e1bc7d8cdd5ac52780c4e875d108e135	utf-8
profiles_overlay_TC-core/TC-core_SO4_pre_profile_stats.csv	9348	73	c3a9042b9252ae14f9125debe286eb635df66098	utf-8
profiles_overlay_TC-core/TC-core_SS_during_profile_DIFF_BaseMinusNoDMS.csv	9593	73	36cec3f554cbe1e08acf4e29bfb23e93d4f4751b	utf-8
profiles_overlay_TC-core/TC-core_SS_during_profile_stats.csv	9329	73	a92865567b8fb5f0950373db5c9c200d35060758	utf-8
profiles_overlay_TC-core/TC-core_SS_post_profile_DIFF_BaseMinusNoDMS.csv	9561	73	f97da9d514aaae74b9a80ae4ec27ea23bd2bbe4e	utf-8
profiles_overlay_TC-core/TC-core_SS_post_profile_stats.csv	9335	73	50b44344d1efd984117ee3893f85acb4230f47c4	utf-8
profiles_overlay_TC-core/TC-core_SS_pre_profile_DIFF_BaseMinusNoDMS.csv	9617	73	dde8b95a1a7d558175c8eb5dd38aa62532f10ca4	utf-8
profiles_overlay_TC-core/TC-core_SS_pre_profile_stats.csv	9343	73	d77635be37fbd2399e6a60ecf2a1f5248e79cf69	utf-8
